{"cameraMode":{"drawMode":0,"name":"Shaded","section":"Shading Mode"},"sceneLighting":true,"audioPlay":false,"sceneViewState":{"m_AlwaysRefresh":false,"showFog":true,"showSkybox":true,"showFlares":true,"showImageEffects":true,"showParticleSystems":true,"showVisualEffectGraphs":true,"m_FxEnabled":true},"in2DMode":false,"pivot":{"x":-1.4897308349609376,"y":0.8560225963592529,"z":-3.0492453575134279},"rotation":{"x":0.35909274220466616,"y":0.09524393081665039,"z":-0.03685653582215309,"w":0.9277458786964417},"size":1.1364998817443848,"orthographic":false}