{"cameraMode":{"drawMode":0,"name":"Shaded","section":"Shading Mode"},"sceneLighting":true,"audioPlay":false,"sceneViewState":{"m_AlwaysRefresh":false,"showFog":true,"showSkybox":true,"showFlares":true,"showImageEffects":true,"showParticleSystems":true,"showVisualEffectGraphs":true,"m_FxEnabled":true},"in2DMode":false,"pivot":{"x":-1.9035512208938599,"y":0.5699132680892944,"z":-1.0283851623535157},"rotation":{"x":0.66725754737854,"y":0.0004461968783289194,"z":-0.0004037670441903174,"w":0.74485844373703},"size":9.849784851074219,"orthographic":true}