{"cameraMode":{"drawMode":0,"name":"Shaded","section":"Shading Mode"},"sceneLighting":true,"audioPlay":false,"sceneViewState":{"m_AlwaysRefresh":false,"showFog":true,"showSkybox":true,"showFlares":true,"showImageEffects":true,"showParticleSystems":true,"showVisualEffectGraphs":true,"m_FxEnabled":true},"in2DMode":false,"pivot":{"x":5.8333210945129398,"y":-9.657936096191407,"z":-1.6592047214508057},"rotation":{"x":0.7170246243476868,"y":-0.0006283902912400663,"z":0.0006419006385840476,"w":0.6970819234848023},"size":12.441593170166016,"orthographic":true}