{"cameraMode":{"drawMode":0,"name":"Shaded","section":"Shading Mode"},"sceneLighting":true,"audioPlay":false,"sceneViewState":{"m_AlwaysRefresh":false,"showFog":true,"showSkybox":true,"showFlares":true,"showImageEffects":true,"showParticleSystems":true,"showVisualEffectGraphs":true,"m_FxEnabled":true},"in2DMode":false,"pivot":{"x":1.9478826522827149,"y":-9.394084930419922,"z":0.25286728143692019},"rotation":{"x":0.66725754737854,"y":0.0004461968783289194,"z":-0.0004037670441903174,"w":0.74485844373703},"size":14.857208251953125,"orthographic":true}