{"cameraMode":{"drawMode":0,"name":"Shaded","section":"Shading Mode"},"sceneLighting":true,"audioPlay":false,"sceneViewState":{"m_AlwaysRefresh":false,"showFog":true,"showSkybox":true,"showFlares":true,"showImageEffects":true,"showParticleSystems":true,"showVisualEffectGraphs":true,"m_FxEnabled":true},"in2DMode":false,"pivot":{"x":-0.351338654756546,"y":0.35108208656311037,"z":3.699767589569092},"rotation":{"x":0.011596549302339554,"y":0.8717819452285767,"z":-0.48935678601264956,"w":0.02066086418926716},"size":6.904318332672119,"orthographic":false}