{"cameraMode":{"drawMode":0,"name":"Shaded","section":"Shading Mode"},"sceneLighting":true,"audioPlay":false,"sceneViewState":{"m_AlwaysRefresh":false,"showFog":true,"showSkybox":true,"showFlares":true,"showImageEffects":true,"showParticleSystems":true,"showVisualEffectGraphs":true,"m_FxEnabled":true},"in2DMode":false,"pivot":{"x":0.7394216060638428,"y":-3.3834662437438967,"z":0.9825572967529297},"rotation":{"x":0.353807270526886,"y":-0.07927002012729645,"z":0.030116675421595575,"w":0.9314867258071899},"size":6.747246742248535,"orthographic":false}