{"cameraMode":{"drawMode":0,"name":"Shaded","section":"Shading Mode"},"sceneLighting":false,"audioPlay":false,"sceneViewState":{"m_AlwaysRefresh":false,"showFog":true,"showSkybox":false,"showFlares":true,"showImageEffects":true,"showParticleSystems":true,"showVisualEffectGraphs":true,"m_FxEnabled":true},"in2DMode":false,"pivot":{"x":0.651477038860321,"y":0.4000000059604645,"z":0.04420539736747742},"rotation":{"x":0.39330995082855227,"y":0.195123091340065,"z":-0.0858079344034195,"w":0.8943867087364197},"size":0.08660256862640381,"orthographic":false}